{
  "Total" : {
    "transaction" : "Total",
    "sampleCount" : 4732,
    "errorCount" : 0,
    "errorPct" : 0.0,
    "meanResTime" : 585.307480980558,
    "medianResTime" : 579.0,
    "minResTime" : 508.0,
    "maxResTime" : 1299.0,
    "pct1ResTime" : 588.0,
    "pct2ResTime" : 622.3499999999995,
    "pct3ResTime" : 675.0,
    "throughput" : 7.880336129975586,
    "receivedKBytesPerSec" : 1.7776930136956646,
    "sentKBytesPerSec" : 1.2774763648202612
  },
  "HTTP Request" : {
    "transaction" : "HTTP Request",
    "sampleCount" : 4732,
    "errorCount" : 0,
    "errorPct" : 0.0,
    "meanResTime" : 585.307480980558,
    "medianResTime" : 579.0,
    "minResTime" : 508.0,
    "maxResTime" : 1299.0,
    "pct1ResTime" : 588.0,
    "pct2ResTime" : 622.3499999999995,
    "pct3ResTime" : 675.0,
    "throughput" : 7.880336129975586,
    "receivedKBytesPerSec" : 1.7776930136956646,
    "sentKBytesPerSec" : 1.2774763648202612
  }
}